County,Gallons from Great Lakes,Gallons from Groundwater,Gallons from Inland Surface,Total Gallons All Sources,Year
Alcona,0,"181,118,378","13,326,762","194,445,140",2018
Alger,"1,664,200,000","275,161,275",0,"1,939,361,275",2018
Allegan,0,"5,505,619,266","2,462,092,403","7,967,711,669",2018
Alpena,"522,118,305,000","19,467,720","22,094,356,950","544,232,129,670",2018
Antrim,0,"2,542,155,272","41,232,565","2,583,387,837",2018
Arenac,"18,711,323,766","73,346,796","62,893,523","18,847,564,085",2018
Baraga,"6,085,516,444",0,0,"6,085,516,444",2018
Barry,0,"1,863,886,371","333,041,138","2,196,927,509",2018
Bay,"2,791,318,900","58,702,447","94,894,104,394","97,744,125,741",2018
Benzie,0,"1,210,747,045","5,076,382,080","6,287,129,125",2018
Berrien,"777,316,773,000","3,751,735,766","496,034,567","781,564,543,333",2018
Branch,0,"5,817,177,286","2,034,301,053","7,851,478,339",2018
Calhoun,0,"8,368,333,026","1,313,432,669","9,681,765,695",2018
Cass,0,"8,585,282,805","596,831,930","9,182,114,735",2018
Charlevoix,"250,939,000","4,837,065,884","961,648,628","6,049,653,512",2018
Cheboygan,0,"407,719,342","398,315,605","806,034,947",2018
Chippewa,"590,540,000","349,428,709",0,"939,968,709",2018
Clare,0,"565,607,588","899,124,000","1,464,731,588",2018
Clinton,0,"1,260,955,229","1,019,288,129","2,280,243,358",2018
Crawford,0,"473,040,449","3,028,529,126","3,501,569,575",2018
Delta,"14,995,625,000","101,644,137","173,752,152","15,271,021,289",2018
Dickinson,0,"827,286,595","7,211,615,215","8,038,901,810",2018
Eaton,0,"1,099,727,576","467,004,061","1,566,731,637",2018
Emmet,"80,500,000","2,624,867,865","72,370,000","2,777,737,865",2018
Genesee,0,"1,534,256,755","48,403,230","1,582,659,985",2018
Gladwin,0,"151,230,807","840,200","152,071,007",2018
Gogebic,0,"612,118,960","42,000,000","654,118,960",2018
Grand Traverse,"2,025,967,000","1,099,087,139","60,439,794","3,185,493,933",2018
Gratiot,0,"2,762,957,392","323,737,518","3,086,694,910",2018
Hillsdale,0,"3,048,473,718","389,267,291","3,437,741,009",2018
Houghton,0,"958,666,511","6,939,000","965,605,511",2018
Huron,"667,426,000","422,743,030","282,748,526","1,372,917,556",2018
Ingham,0,"12,421,038,254","36,181,892,049","48,602,930,303",2018
Ionia,0,"2,364,320,896","193,133,159","2,557,454,055",2018
Iosco,"413,849,200","369,222,265","12,526,994","795,598,459",2018
Iron,0,"451,701,400","21,477,538","473,178,938",2018
Isabella,0,"2,671,982,097","780,872,542","3,452,854,639",2018
Jackson,0,"6,811,019,480","517,194,671","7,328,214,151",2018
Kalamazoo,0,"20,493,341,760","2,590,514,858","23,083,856,618",2018
Kalkaska,0,"940,217,686","256,944,981","1,197,162,667",2018
Kent,"26,667,120,000","4,992,560,404","965,512,641","32,625,193,045",2018
Keweenaw,"2,044,673","16,964,158",0,"19,008,831",2018
Lake,0,"72,308,915",0,"72,308,915",2018
Lapeer,0,"222,819,275","121,475,853","344,295,128",2018
Leelanau,"8,707,000","568,097,019","38,922,587","615,726,606",2018
Lenawee,0,"2,107,026,303","1,479,670,235","3,586,696,538",2018
Livingston,0,"3,297,403,241","813,511,769","4,110,915,010",2018
Luce,0,"328,375,665",0,"328,375,665",2018
Mackinac,"4,165,928,100","74,592,000","7,195,000","4,247,715,100",2018
Macomb,"1,170,700,000","443,660,660","415,016,085","2,029,376,745",2018
Manistee,0,"1,251,225,633","11,830,220,064","13,081,445,697",2018
Marquette,"59,231,623,464","1,480,887,119","11,355,780,457","72,068,291,040",2018
Mason,"1,077,717,000","772,567,028","8,695,529,128","10,545,813,156",2018
Mecosta,0,"3,635,146,908","379,542,731","4,014,689,639",2018
Menominee,"318,580,000","64,962,511","14,050,000","397,592,511",2018
Midland,0,"253,422,601","4,899,775,671","5,153,198,272",2018
Missaukee,0,"1,769,726,471","182,310,478","1,952,036,949",2018
Monroe,"574,035,427,428","10,253,980,736","414,719,219","584,704,127,383",2018
Montcalm,0,"10,555,227,714","3,303,087,053","13,858,314,767",2018
Montmorency,0,"92,719,454",0,"92,719,454",2018
Muskegon,"4,585,524,000","2,597,266,931","2,094,294,351","9,277,085,282",2018
Newaygo,0,"2,450,909,364","491,269,905","2,942,179,269",2018
Oakland,0,"10,041,027,007","4,930,275,626","14,971,302,633",2018
Oceana,0,"2,085,770,647","193,533,371","2,279,304,018",2018
Ogemaw,0,"189,031,431","185,838,153","374,869,584",2018
Ontonagon,"142,170,000","22,010,060",0,"164,180,060",2018
Osceola,0,"960,286,237","154,935,800","1,115,222,037",2018
Oscoda,0,"64,061,624","74,400,000","138,461,624",2018
Otsego,0,"697,481,905","135,000,000","832,481,905",2018
Ottawa,"248,910,034,787","3,145,812,582","11,680,091,533","263,735,938,902",2018
Presque Isle,"1,572,293,919","7,838,910,789","8,750,462,102","18,161,666,810",2018
Roscommon,0,"156,506,167","65,617,920","222,124,087",2018
Saginaw,0,"328,981,719","129,543,278","458,524,997",2018
Saint Clair,"468,014,123,631","195,073,091","62,517,462","468,271,714,184",2018
Saint Joseph,0,"17,628,345,695","3,351,246,637","20,979,592,332",2018
Sanilac,"122,032,000","711,429,009","91,253,249","924,714,258",2018
Schoolcraft,"1,953,142,000","3,051,178,708","2,617,561,000","7,621,881,708",2018
Shiawassee,0,"1,105,056,047","120,243,600","1,225,299,647",2018
Tuscola,0,"1,070,435,906","884,808,083","1,955,243,989",2018
Van Buren,"43,229,591,000","6,302,208,571","403,149,836","49,934,949,407",2018
Washtenaw,0,"3,598,317,156","5,101,880,302","8,700,197,458",2018
Wayne,"373,596,175,424","754,894,482","144,705,306,530","519,056,376,436",2018
Wexford,0,"1,890,096,441","3,149,282,050","5,039,378,491",2018
Alcona,0,"194,937,259","264,689,000","459,626,259",2017
Alger,"1,520,550,000","261,145,386",0,"1,781,695,386",2017
Allegan,0,"6,709,805,404","5,587,677,768","12,297,483,172",2017
Alpena,"41,415,820,000","10,845,281","2,470,771,681","43,897,436,962",2017
Antrim,0,"2,541,812,142","23,891,119","2,565,703,261",2017
Arenac,"18,653,610,578","45,036,171","99,183,431","18,797,830,180",2017
Baraga,"5,927,985,000",0,0,"5,927,985,000",2017
Barry,0,"2,140,995,291","691,786,246","2,832,781,537",2017
Bay,"2,647,607,467","89,079,570","103,031,663,505","105,768,350,542",2017
Benzie,0,"913,805,628","2,719,472,030","3,633,277,658",2017
Berrien,"785,999,448,000","4,782,829,290","838,745,526","791,621,022,816",2017
Branch,0,"9,009,024,525","4,266,148,381","13,275,172,906",2017
Calhoun,0,"9,683,173,672","1,710,136,478","11,393,310,150",2017
Cass,0,"13,271,899,985","1,072,212,393","14,344,112,378",2017
Charlevoix,"238,606,000","5,269,712,890","1,053,284,472","6,561,603,362",2017
Cheboygan,0,"343,531,242","54,741,146","398,272,388",2017
Chippewa,"876,705,000","334,578,595",0,"1,211,283,595",2017
Clare,0,"553,830,196","750,480,000","1,304,310,196",2017
Clinton,0,"1,334,882,763","1,081,868,844","2,416,751,607",2017
Crawford,0,"409,624,528","129,150,000","538,774,528",2017
Delta,"14,587,952,400","85,849,338","213,356,023","14,887,157,761",2017
Dickinson,0,"756,311,740","7,347,286,260","8,103,598,000",2017
Eaton,0,"1,071,182,271","628,654,001","1,699,836,272",2017
Emmet,"54,500,000","1,931,231,230","110,900,000","2,096,631,230",2017
Genesee,0,"1,569,466,853","159,683,682","1,729,150,535",2017
Gladwin,0,"150,198,264","1,458,000","151,656,264",2017
Gogebic,0,"687,847,994","27,000,000","714,847,994",2017
Grand Traverse,"1,892,970,000","1,439,776,932","44,978,779","3,377,725,711",2017
Gratiot,0,"4,288,413,756","508,410,691","4,796,824,447",2017
Hillsdale,0,"4,169,134,684","500,583,559","4,669,718,243",2017
Houghton,0,"941,968,569","6,260,000","948,228,569",2017
Huron,"670,786,000","356,796,825","333,479,208","1,361,062,033",2017
Ingham,0,"11,596,130,601","30,981,072,606","42,577,203,207",2017
Ionia,0,"2,769,364,481","365,775,537","3,135,140,018",2017
Iosco,"394,686,667","143,281,705","22,770,102","560,738,474",2017
Iron,0,"415,051,280","14,195,750","429,247,030",2017
Isabella,0,"3,324,926,523","1,050,050,550","4,374,977,073",2017
Jackson,0,"7,604,788,710","665,488,325","8,270,277,035",2017
Kalamazoo,0,"23,435,354,492","3,433,132,210","26,868,486,702",2017
Kalkaska,0,"1,257,502,588","220,307,026","1,477,809,614",2017
Kent,"25,025,250,000","5,684,763,336","1,369,349,121","32,079,362,457",2017
Keweenaw,"1,661,297","16,155,942",0,"17,817,239",2017
Lake,0,"107,938,900",0,"107,938,900",2017
Lapeer,0,"227,677,921","108,211,948","335,889,869",2017
Leelanau,"4,903,903","1,070,908,743","40,202,793","1,116,015,439",2017
Lenawee,0,"2,130,946,379","1,703,594,628","3,834,541,007",2017
Livingston,0,"3,411,582,590","1,480,591,884","4,892,174,474",2017
Luce,0,"544,963,376",0,"544,963,376",2017
Mackinac,"3,509,090,000","73,639,200","7,195,000","3,589,924,200",2017
Macomb,"1,097,760,000","488,656,550","748,480,960","2,334,897,510",2017
Manistee,"836,953,718","1,380,787,496","10,136,395,287","12,354,136,501",2017
Marquette,"64,537,612,083","1,296,807,044","5,542,496,489","71,376,915,616",2017
Mason,"980,526,000","1,235,014,355","6,358,814,966","8,574,355,321",2017
Mecosta,0,"5,080,959,995","414,850,222","5,495,810,217",2017
Menominee,"297,580,000","55,158,202","426,310,000","779,048,202",2017
Midland,0,"233,455,133","1,387,099,767","1,620,554,900",2017
Missaukee,0,"1,928,350,692","395,798,668","2,324,149,360",2017
Monroe,"580,122,128,900","10,197,031,858","619,914,992","590,939,075,750",2017
Montcalm,0,"19,548,082,088","5,415,915,266","24,963,997,354",2017
Montmorency,0,"67,534,983",0,"67,534,983",2017
Muskegon,"6,382,672,000","2,442,987,570","1,878,424,098","10,704,083,668",2017
Newaygo,0,"3,106,541,383","433,980,542","3,540,521,925",2017
Oakland,0,"11,818,456,173","5,713,426,408","17,531,882,581",2017
Oceana,0,"2,416,451,003","195,327,021","2,611,778,024",2017
Ogemaw,0,"193,648,735","248,575,398","442,224,133",2017
Ontonagon,"116,780,000","35,709,468",0,"152,489,468",2017
Osceola,0,"986,129,208","22,595,800","1,008,725,008",2017
Oscoda,0,"59,467,992","70,400,000","129,867,992",2017
Otsego,0,"573,245,665",0,"573,245,665",2017
Ottawa,"222,512,480,410","3,596,048,390","14,394,046,453","240,502,575,253",2017
Presque Isle,"2,140,089,898","8,598,573,784","9,309,207,825","20,047,871,507",2017
Roscommon,0,"142,051,767","12,201,704","154,253,471",2017
Saginaw,0,"765,402,820","82,931,512","848,334,332",2017
Saint Clair,"376,059,942,137","283,185,070","58,362,033","376,401,489,240",2017
Saint Joseph,0,"25,100,189,307","6,082,074,449","31,182,263,756",2017
Sanilac,"107,888,000","905,867,211","72,083,120","1,085,838,331",2017
Schoolcraft,"1,702,185,000","36,833,089,081","1,865,215,000","40,400,489,081",2017
Shiawassee,0,"1,171,312,594","367,140,300","1,538,452,894",2017
Tuscola,0,"1,200,562,446","1,572,103,435","2,772,665,881",2017
Van Buren,"7,514,069,900","10,559,102,056","748,062,258","18,821,234,214",2017
Washtenaw,0,"3,823,884,960","5,130,579,945","8,954,464,905",2017
Wayne,"399,842,042,554","838,474,031","162,050,236,505","562,730,753,090",2017
Wexford,0,"2,888,325,875",0,"2,888,325,875",2017
Alcona,0,"226,055,487","595,352,383","821,407,870",2016
Alger,"1,542,710,000","256,575,029",0,"1,799,285,029",2016
Allegan,0,"6,381,819,768","3,255,725,413","9,637,545,181",2016
Alpena,"41,548,695,500","22,462,282","2,525,991,776","44,097,149,558",2016
Antrim,0,"4,056,531,422","51,294,414","4,107,825,836",2016
Arenac,"18,195,737,754","44,720,205","56,010,271","18,296,468,230",2016
Baraga,"4,820,808,380",0,"3,340,000","4,824,148,380",2016
Barry,0,"1,972,476,738","671,096,523","2,643,573,261",2016
Bay,"2,818,348,800","78,516,464","117,272,204,228","120,169,069,492",2016
Benzie,0,"918,243,471","2,547,990,286","3,466,233,757",2016
Berrien,"700,158,323,300","4,816,399,560","783,468,531","705,758,191,391",2016
Branch,0,"7,705,144,846","3,383,836,149","11,088,980,995",2016
Calhoun,0,"9,193,772,966","1,484,018,835","10,677,791,801",2016
Cass,0,"13,873,019,128","1,025,074,781","14,898,093,909",2016
Charlevoix,"273,726,000","5,106,751,431","1,058,226,416","6,438,703,847",2016
Cheboygan,0,"395,696,043","4,296,266,739","4,691,962,782",2016
Chippewa,"974,844,000","355,635,490",0,"1,330,479,490",2016
Clare,0,"499,747,269","291,590,000","791,337,269",2016
Clinton,0,"1,365,409,886","820,916,297","2,186,326,183",2016
Crawford,0,"405,261,468","116,881,145","522,142,613",2016
Delta,"14,997,981,010","111,385,801","186,857,072","15,296,223,883",2016
Dickinson,0,"778,625,119","8,126,678,000","8,905,303,119",2016
Eaton,0,"909,684,790","546,634,837","1,456,319,627",2016
Emmet,"58,000,000","4,038,453,667","94,700,000","4,191,153,667",2016
Genesee,0,"1,573,282,916","110,387,362","1,683,670,278",2016
Gladwin,0,"164,685,123","834,010","165,519,133",2016
Gogebic,0,"689,889,700","27,000,000","716,889,700",2016
Grand Traverse,"2,030,400,000","1,592,537,360","86,198,919","3,709,136,279",2016
Gratiot,0,"4,119,924,976","624,382,616","4,744,307,592",2016
Hillsdale,0,"4,301,185,328","469,077,675","4,770,263,003",2016
Houghton,0,"1,042,443,000","7,118,000","1,049,561,000",2016
Huron,"724,526,971","437,744,156","326,300,150","1,488,571,277",2016
Ingham,0,"11,633,944,070","36,856,031,007","48,489,975,077",2016
Ionia,0,"3,154,857,540","518,770,334","3,673,627,874",2016
Iosco,"414,153,330","152,392,418","18,917,899","585,463,647",2016
Iron,0,"455,856,800","1,052,876,760","1,508,733,560",2016
Isabella,0,"3,632,507,105","794,504,907","4,427,012,012",2016
Jackson,0,"7,234,667,158","807,947,771","8,042,614,929",2016
Kalamazoo,0,"22,893,158,893","3,047,202,006","25,940,360,899",2016
Kalkaska,0,"2,212,832,905","466,739,348","2,679,572,253",2016
Kent,"25,451,207,000","6,121,647,814","1,177,391,356","32,750,246,170",2016
Keweenaw,"2,811,427","17,659,767",0,"20,471,194",2016
Lake,0,"86,609,630",0,"86,609,630",2016
Lapeer,0,"280,600,425","169,953,823","450,554,248",2016
Leelanau,"3,339,542","1,172,708,027","62,493,558","1,238,541,127",2016
Lenawee,0,"1,996,393,659","1,656,543,382","3,652,937,041",2016
Livingston,0,"3,432,882,887","1,688,215,090","5,121,097,977",2016
Luce,0,"642,515,509",0,"642,515,509",2016
Mackinac,"3,431,805,000","70,082,480","7,195,000","3,509,082,480",2016
Macomb,"1,157,176,000","473,280,075","735,379,067","2,365,835,142",2016
Manistee,"1,014,926,042","1,561,497,653","2,981,992,839","5,558,416,534",2016
Marquette,"69,372,381,250","1,424,322,382","10,118,489,577","80,915,193,209",2016
Mason,"1,050,022,000","1,642,387,432","7,489,818,661","10,182,228,093",2016
Mecosta,0,"4,902,308,233","569,969,086","5,472,277,319",2016
Menominee,"309,550,000","57,462,549","445,750,000","812,762,549",2016
Midland,0,"187,623,265","3,078,591,379","3,266,214,644",2016
Missaukee,0,"2,141,829,852","416,797,080","2,558,626,932",2016
Monroe,"541,041,799,969","10,458,581,812","689,061,210","552,189,442,991",2016
Montcalm,0,"16,065,879,190","6,342,241,213","22,408,120,403",2016
Montmorency,0,"95,003,350","29,749,800","124,753,150",2016
Muskegon,"5,088,793,000","2,537,831,166","27,822,428,718","35,449,052,884",2016
Newaygo,0,"2,713,852,689","378,779,650","3,092,632,339",2016
Oakland,0,"12,982,580,344","5,597,752,859","18,580,333,203",2016
Oceana,0,"2,519,315,301","343,476,274","2,862,791,575",2016
Ogemaw,0,"219,794,638","17,394,280","237,188,918",2016
Ontonagon,"116,100,000","12,972,180",0,"129,072,180",2016
Osceola,0,"1,143,174,395","154,321,800","1,297,496,195",2016
Oscoda,0,"78,232,625","85,750,000","163,982,625",2016
Otsego,0,"1,137,803,795",0,"1,137,803,795",2016
Ottawa,"242,420,272,200","2,302,241,798","24,187,699,132","268,910,213,130",2016
Presque Isle,"1,556,105,188","431,808,213","8,129,822,286","10,117,735,687",2016
Roscommon,0,"141,064,508","12,797,327","153,861,835",2016
Saginaw,0,"912,741,503","147,289,632","1,060,031,135",2016
Saint Clair,"429,166,772,487","196,237,222","101,855,269","429,464,864,978",2016
Saint Joseph,0,"23,518,815,648","4,605,744,572","28,124,560,220",2016
Sanilac,"108,010,000","1,102,454,060","49,579,972","1,260,044,032",2016
Schoolcraft,"1,658,822,000","694,280,525","777,423,876","3,130,526,401",2016
Shiawassee,0,"1,193,067,276","68,911,600","1,261,978,876",2016
Tuscola,0,"1,364,294,518","1,789,331,664","3,153,626,182",2016
Van Buren,"49,278,874,580","7,666,719,343","702,119,543","57,647,713,466",2016
Washtenaw,0,"4,249,641,826","5,115,643,591","9,365,285,417",2016
Wayne,"415,168,028,543","846,778,139","153,423,431,341","569,438,238,023",2016
Wexford,0,"2,208,513,345","13,916,000","2,222,429,345",2016
Alcona,"1,328,730,136","331,378,720","268,512,000","1,928,620,856",2015
Alger,0,"1,054,885,386","331,162,688","1,386,048,074",2015
Allegan,0,"5,226,001,214","4,099,394,334","9,325,395,548",2015
Alpena,"41,576,420,000","19,353,585","387,520,000","41,983,293,585",2015
Antrim,0,"3,786,917,830","46,033,866","3,832,951,696",2015
Arenac,"15,663,611,672","36,526,647","59,964,404","15,760,102,723",2015
Baraga,"5,114,470,000","146,633,130","101,449,000","5,362,552,130",2015
Barry,0,"1,588,703,694","1,305,323,691","2,894,027,385",2015
Bay,"3,300,150,400","80,315,670","174,713,838,001","178,094,304,071",2015
Benzie,0,"856,739,396","93,000","856,832,396",2015
Berrien,"768,963,079,000","4,430,755,762","1,304,401,757","774,698,236,519",2015
Branch,0,"7,195,546,928","2,662,035,400","9,857,582,328",2015
Calhoun,0,"6,201,264,290","1,296,085,416","7,497,349,706",2015
Cass,"354,047,500","15,111,571,645","1,614,707,890","17,080,327,035",2015
Charlevoix,"329,431,000","1,280,717,926","288,597,917","1,898,746,843",2015
Cheboygan,"303,600,000","447,741,030","4,632,256,060","5,383,597,090",2015
Chippewa,"808,914,000","446,083,958","298,570,000","1,553,567,958",2015
Clare,0,"728,153,360","5,341,000","733,494,360",2015
Clinton,0,"1,020,770,193","547,054,037","1,567,824,230",2015
Crawford,"13,734,254,000","427,705,810","3,421,156,293","17,583,116,103",2015
Delta,"1,011,430,000","67,838,648","7,848,903,845","8,928,172,493",2015
Dickinson,0,"887,371,437","30,673,192","918,044,629",2015
Eaton,0,"1,013,343,648","512,912,780","1,526,256,428",2015
Emmet,"49,200,000","3,608,899,537","92,000,000","3,750,099,537",2015
Genesee,0,"1,698,944,130","59,635,900","1,758,580,030",2015
Gladwin,0,"223,926,061","541,825","224,467,886",2015
Gogebic,0,"756,164,061","27,000,000","783,164,061",2015
Grand Traverse,"2,016,040,000","1,255,361,865","149,304,515","3,420,706,380",2015
Gratiot,0,"3,497,503,946","263,884,209","3,761,388,155",2015
Hillsdale,0,"2,498,796,853","224,684,411","2,723,481,264",2015
Houghton,0,"1,420,999,081","10,332,000","1,431,331,081",2015
Huron,"761,443,161","384,471,424","339,345,560","1,485,260,145",2015
Ingham,0,"9,738,519,412","27,517,274,164","37,255,793,576",2015
Ionia,0,"2,409,505,549","322,989,917","2,732,495,466",2015
Iosco,"432,920,420","124,425,894",0,"557,346,314",2015
Iron,0,"481,370,000","1,471,632,000","1,953,002,000",2015
Isabella,0,"3,981,967,155","712,155,652","4,694,122,807",2015
Jackson,0,"13,688,489,354","1,962,819,306","15,651,308,660",2015
Kalamazoo,0,"13,857,934,451","1,024,826,460","14,882,760,911",2015
Kalkaska,0,"1,842,026,823","574,531,217","2,416,558,040",2015
Kent,"25,341,068,000","5,043,199,164","958,275,945","31,342,543,109",2015
Keweenaw,"3,067,008","18,139,652",0,"21,206,660",2015
Lake,0,"163,886,130",0,"163,886,130",2015
Lapeer,0,"351,240,581","101,836,636","453,077,217",2015
Leelanau,"5,699,774","1,093,850,847","42,123,486","1,141,674,107",2015
Lenawee,0,"2,035,267,203","2,205,657,350","4,240,924,553",2015
Livingston,0,"2,801,901,181","180,245,332","2,982,146,513",2015
Luce,"3,506,088,000","624,536,501",0,"4,130,624,501",2015
Mackinac,"481,295,000","79,492,708","7,195,000","567,982,708",2015
Macomb,"1,993,237,977","721,735,185","9,036,106,081","11,751,079,243",2015
Manistee,0,"1,144,405,680","7,184,679,750","8,329,085,430",2015
Marquette,"71,678,543,334","1,291,191,497","9,413,772,087","82,383,506,918",2015
Mason,"816,545,000","1,437,770,691","293,459,214","2,547,774,905",2015
Mecosta,0,"4,179,566,853","776,830,656","4,956,397,509",2015
Menominee,"334,570,000","74,204,609","1,408,313,000","1,817,087,609",2015
Midland,0,"150,527,229","377,379,717","527,906,946",2015
Missaukee,0,"10,976,262,375","204,871,034","11,181,133,409",2015
Monroe,"656,958,577,849","570,152,133","5,125,867,449","662,654,597,431",2015
Montcalm,0,"13,490,351,313","1,231,640,388","14,721,991,701",2015
Montmorency,0,"844,860,850","2,548,784,800","3,393,645,650",2015
Muskegon,"5,223,057,000","1,570,957,575","84,208,902,869","91,002,917,444",2015
Newaygo,0,"3,377,881,302","3,520,394,103","6,898,275,405",2015
Oakland,0,"8,515,904,424","863,749,385","9,379,653,809",2015
Oceana,0,"2,059,909,841","289,812,111","2,349,721,952",2015
Ogemaw,0,"208,720,078","20,560,325","229,280,403",2015
Ontonagon,"133,720,000","373,773,027",0,"507,493,027",2015
Osceola,0,"718,423,866","48,095,100","766,518,966",2015
Oscoda,0,"62,328,336","40,950,000","103,278,336",2015
Otsego,0,"1,226,572,482","330,333,092","1,556,905,574",2015
Ottawa,"242,754,201,674","2,427,817,993","35,214,692,133","280,396,711,800",2015
Presque Isle,0,"229,202,955","22,662,000","251,864,955",2015
Roscommon,0,"180,492,343","28,462,945","208,955,288",2015
Saginaw,"5,195,021,254","690,201,250","148,225,123","6,033,447,627",2015
Saint Clair,"450,952,116,181","630,243,656","150,700,570","451,733,060,407",2015
Saint Joseph,0,"16,723,434,341","3,566,127,178","20,289,561,519",2015
Sanilac,"1,249,994,000","2,231,464,241","11,139,362,750","14,620,820,991",2015
Schoolcraft,"120,000,000","25,136,203","50,467,876","195,604,079",2015
Shiawassee,0,"1,146,490,489","152,846,600","1,299,337,089",2015
Tuscola,"750,570","1,459,917,058","984,761,337","2,445,428,965",2015
Van Buren,"46,064,390,800","7,222,262,275","695,349,278","53,982,002,353",2015
Washtenaw,"84,712,932,150","3,858,513,171","4,848,394,457","93,419,839,778",2015
Wayne,"419,374,257,939","148,515,687","66,409,921,371","485,932,694,997",2015
Wexford,0,"1,894,875,117","3,163,882,000","5,058,757,117",2015
Alcona,0,"2,666,085,962","4,695,086,047","7,361,172,009",2014
Alger,"1,512,160,000","1,608,226,431","799,090,000","3,919,476,431",2014
Allegan,0,"5,552,539,983","3,784,550,040","9,337,090,023",2014
Alpena,"40,839,120,000","10,948,600,250","2,532,270,000","54,319,990,250",2014
Antrim,0,"12,214,548,686","54,526,097","12,269,074,783",2014
Arenac,0,"7,009,981,841","74,305,289","7,084,287,130",2014
Baraga,"5,059,506,936","4,530,051,118",0,"9,589,558,054",2014
Barry,0,"4,867,352,970","769,466,502","5,636,819,472",2014
Bay,"24,598,203,000","2,668,039,447","188,826,006,739","216,092,249,186",2014
Benzie,0,"2,903,814,329","2,417,422,249","5,321,236,578",2014
Berrien,"783,521,680,000","6,697,231,285","1,629,267,131","791,848,178,416",2014
Branch,0,"7,276,299,125","3,288,673,034","10,564,972,159",2014
Calhoun,0,"5,413,480,114","1,711,335,852","7,124,815,966",2014
Cass,0,"12,927,703,224","1,113,205,834","14,040,909,058",2014
Charlevoix,"4,507,125,000","6,024,262,701","986,872,134","11,518,259,835",2014
Cheboygan,0,"1,356,238,077","3,466,862,087","4,823,100,164",2014
Chippewa,"457,844,000","1,315,235,056",0,"1,773,079,056",2014
Clare,"914,630,000","1,434,108,728","345,480,000","2,694,218,728",2014
Clinton,0,"2,007,141,003","672,893,440","2,680,034,443",2014
Crawford,0,"1,271,809,847","46,154,923","1,317,964,770",2014
Delta,"16,848,960,079","1,178,098,868","213,261,563","18,240,320,510",2014
Dickinson,0,"1,138,390,800","7,622,445,000","8,760,835,800",2014
Eaton,0,"1,133,644,506","238,316,850","1,371,961,356",2014
Emmet,"45,700,000","4,657,611,545","551,116,724","5,254,428,269",2014
Genesee,0,"1,133,730,812","53,446,741","1,187,177,553",2014
Gladwin,"501,175,400","838,037,875","5,466,615","1,344,679,890",2014
Gogebic,0,"860,425,899","29,500,000","889,925,899",2014
Grand Traverse,0,"1,493,029,784","27,101,787","1,520,131,571",2014
Gratiot,0,"2,713,614,158","407,929,462","3,121,543,620",2014
Hillsdale,0,"3,245,685,049","292,700,101","3,538,385,150",2014
Houghton,"4,825,517,000","701,550,254","10,068,000","5,537,135,254",2014
Huron,"6,354,000","803,534,645","333,559,036","1,143,447,681",2014
Ingham,0,"945,870,565","28,484,094,909","29,429,965,474",2014
Ionia,"1,855,030,000","1,333,884,993","184,780,460","3,373,695,453",2014
Iosco,"288,597,000","660,089,290","50,025,651","998,711,941",2014
Iron,0,"603,650,296","902,466,000","1,506,116,296",2014
Isabella,0,"2,641,667,749","1,003,727,446","3,645,395,195",2014
Jackson,0,"3,504,330,356","867,715,461","4,372,045,817",2014
Kalamazoo,"108,679,000","13,388,316,291","2,405,466,597","15,902,461,888",2014
Kalkaska,0,"1,803,857,385","641,267,299","2,445,124,684",2014
Kent,0,"2,209,591,854","976,689,448","3,186,281,302",2014
Keweenaw,"2,300,256","442,072,152",0,"444,372,408",2014
Lake,0,"409,700,852",0,"409,700,852",2014
Lapeer,0,"565,941,103","101,627,389","667,568,492",2014
Leelanau,"1,089,439,479","1,242,956,454","10,248,724","2,342,644,657",2014
Lenawee,"640,389,000","877,261,048","972,825,024","2,490,475,072",2014
Livingston,0,"896,397,997","1,256,025,106","2,152,423,103",2014
Luce,0,"870,578,048",0,"870,578,048",2014
Mackinac,"574,115,000","318,588,974","7,195,000","899,898,974",2014
Macomb,"21,444,961","331,269,890","490,845,815","843,560,666",2014
Manistee,"1,062,899,532","886,993,290","9,489,340,245","11,439,233,067",2014
Marquette,"69,755,750,181","637,485,089","12,032,343,018","82,425,578,288",2014
Mason,0,"857,068,834","9,876,123,708","10,733,192,542",2014
Mecosta,0,"3,455,434,960","232,349,400","3,687,784,360",2014
Menominee,0,"179,419,774","710,850,000","890,269,774",2014
Midland,0,"282,357,470","1,269,395,166","1,551,752,636",2014
Missaukee,0,"2,837,905,976","216,493,854","3,054,399,830",2014
Monroe,"661,738,926,555","9,834,609,096","969,965,770","672,543,501,421",2014
Montcalm,0,"11,015,395,868","6,080,422,518","17,095,818,386",2014
Montmorency,0,"157,559,194","52,026,200","209,585,394",2014
Muskegon,0,"1,961,642,820","84,241,548,115","86,203,190,935",2014
Newaygo,0,"1,809,602,156","329,853,245","2,139,455,401",2014
Oakland,0,"1,943,882,167","4,577,966,074","6,521,848,241",2014
Oceana,0,"1,961,550,368","335,402,840","2,296,953,208",2014
Ogemaw,"595,980,000","121,210,363","15,941,107","733,131,470",2014
Ontonagon,"6,155,973,300","72,653,218",0,"6,228,626,518",2014
Osceola,"388,790,000","569,199,711","48,081,100","1,006,070,811",2014
Oscoda,0,"90,765,300","45,200,000","135,965,300",2014
Otsego,"1,025,200,000","803,903,765",0,"1,829,103,765",2014
Ottawa,"241,040,908,562","2,221,807,727","21,838,146,023","265,100,862,312",2014
Presque Isle,"3,915,522,000","116,410,524","8,565,456,252","12,597,388,776",2014
Roscommon,0,"92,217,828","15,866,200","108,084,028",2014
Saginaw,0,"381,872,635","112,740,294","494,612,929",2014
Saint Clair,"458,139,306,165","46,191,826","101,051,971","458,286,549,962",2014
Saint Joseph,"3,605,634,000","18,586,318,611","4,010,232,111","26,202,184,722",2014
Sanilac,"145,910,000","482,268,321","31,065,676","659,243,997",2014
Schoolcraft,"1,404,091,100","632,220,276","2,589,826,837","4,626,138,213",2014
Shiawassee,"14,224,779,100","87,180,590","52,259,800","14,364,219,490",2014
Tuscola,"754,528,700","449,524,204","1,205,627,178","2,409,680,082",2014
Van Buren,"42,771,800,000","8,614,341,352","650,602,739","52,036,744,091",2014
Washtenaw,"196,202,773,000","2,849,446,447","439,815,367","199,492,034,814",2014
Wayne,"303,478,413,313","671,360,559","97,212,675,498","401,362,449,370",2014
Wexford,"194,940,000","1,491,818,719",0,"1,686,758,719",2014
Alcona,0,"251,174,730","271,901,370","523,076,100",2013
Alger,"1,604,120,000","280,449,510",0,"1,884,569,510",2013
Allegan,0,"5,432,421,146","3,532,193,627","8,964,614,773",2013
Alpena,"41,561,480,000","14,890,397","1,799,563,500","43,375,933,897",2013
Antrim,0,"3,587,990,464","45,713,163","3,633,703,627",2013
Arenac,"14,163,483,434","163,988,841","222,809,608","14,550,281,883",2013
Baraga,"6,234,671,184",0,"3,484,992","6,238,156,176",2013
Barry,0,"1,642,132,104","373,089,244","2,015,221,348",2013
Bay,"3,066,575,600","64,176,289","201,713,703,753","204,844,455,642",2013
Benzie,0,"697,378,344","2,411,985,120","3,109,363,464",2013
Berrien,"734,779,437,000","7,412,717,063","1,785,215,655","743,977,369,718",2013
Branch,0,"7,318,954,911","3,669,974,154","10,988,929,065",2013
Calhoun,0,"7,529,321,308","1,251,516,623","8,780,837,931",2013
Cass,0,"15,082,762,039","1,396,172,014","16,478,934,053",2013
Charlevoix,"1,106,564,000","5,380,385,608","947,940,427","7,434,890,035",2013
Cheboygan,0,"941,850,128","3,479,428,120","4,421,278,248",2013
Chippewa,"1,086,570,600","435,631,806",0,"1,522,202,406",2013
Clare,0,"529,610,816","459,386,789","988,997,605",2013
Clinton,0,"1,392,803,336","1,023,041,768","2,415,845,104",2013
Crawford,0,"385,470,204","66,173,000","451,643,204",2013
Delta,"17,875,489,433","83,938,126","163,509,366","18,122,936,925",2013
Dickinson,0,"1,000,693,375","7,803,440,000","8,804,133,375",2013
Eaton,0,"1,177,439,011","766,083,778","1,943,522,789",2013
Emmet,"55,400,000","4,943,611,434","481,636,024","5,480,647,458",2013
Genesee,0,"2,553,135,090","107,615,271","2,660,750,361",2013
Gladwin,0,"175,096,924","7,722,430","182,819,354",2013
Gogebic,0,"647,833,800","42,000,000","689,833,800",2013
Grand Traverse,"1,883,420,000","1,319,572,040","47,358,110","3,250,350,150",2013
Gratiot,0,"4,631,781,679","771,068,444","5,402,850,123",2013
Hillsdale,0,"3,270,746,229","856,331,359","4,127,077,588",2013
Houghton,0,"1,126,612,618","9,762,000","1,136,374,618",2013
Huron,"8,319,086,512","314,408,768","488,973,857","9,122,469,137",2013
Ingham,0,"11,788,116,885","27,364,552,161","39,152,669,046",2013
Ionia,0,"2,901,312,371","289,489,255","3,190,801,626",2013
Iosco,"407,644,170","78,245,506","72,272,706","558,162,382",2013
Iron,0,"519,343,400","12,879,250","532,222,650",2013
Isabella,0,"2,666,667,493","1,107,349,609","3,774,017,102",2013
Jackson,0,"7,056,715,008","1,019,469,731","8,076,184,739",2013
Kalamazoo,0,"22,352,859,388","2,458,824,828","24,811,684,216",2013
Kalkaska,0,"2,127,302,254","660,744,708","2,788,046,962",2013
Kent,"25,495,033,000","5,151,581,453","1,173,030,974","31,819,645,427",2013
Keweenaw,"2,811,427","16,583,627",0,"19,395,054",2013
Lake,0,"115,640,820",0,"115,640,820",2013
Lapeer,0,"569,160,544","93,032,020","662,192,564",2013
Leelanau,"5,875,008","1,052,934,945","62,462,029","1,121,271,982",2013
Lenawee,0,"2,152,298,833","1,525,748,336","3,678,047,169",2013
Livingston,0,"2,913,282,233","1,034,512,298","3,947,794,531",2013
Luce,0,"603,303,740",0,"603,303,740",2013
Mackinac,"424,135,000","95,212,675","7,195,000","526,542,675",2013
Macomb,"1,089,253,908","542,999,689","690,308,436","2,322,562,033",2013
Manistee,0,"1,328,024,844","10,605,844,062","11,933,868,906",2013
Marquette,"72,028,272,500","1,496,167,883","11,075,841,791","84,600,282,174",2013
Mason,"622,111,000","1,044,826,357","8,284,282,780","9,951,220,137",2013
Mecosta,0,"4,718,485,522","306,036,342","5,024,521,864",2013
Menominee,"352,200,000","57,404,850","615,890,000","1,025,494,850",2013
Midland,0,"194,992,354","1,451,577,336","1,646,569,690",2013
Missaukee,0,"2,913,003,913","100,466,944","3,013,470,857",2013
Monroe,"642,434,212,935","8,949,666,086","227,126,301","651,611,005,322",2013
Montcalm,0,"15,322,070,968","5,977,151,908","21,299,222,876",2013
Montmorency,0,"79,905,467","69,151,600","149,057,067",2013
Muskegon,"4,672,666,000","2,801,896,726","91,933,705,657","99,408,268,383",2013
Newaygo,0,"2,463,580,837","350,313,397","2,813,894,234",2013
Oakland,0,"9,181,829,539","2,954,850,633","12,136,680,172",2013
Oceana,0,"2,770,289,054","406,558,180","3,176,847,234",2013
Ogemaw,0,"207,847,970","41,636,520","249,484,490",2013
Ontonagon,"690,040,000","29,364,500",0,"719,404,500",2013
Osceola,0,"1,335,108,881","156,265,100","1,491,373,981",2013
Oscoda,0,"61,311,005","76,700,000","138,011,005",2013
Otsego,0,"1,481,868,062",0,"1,481,868,062",2013
Ottawa,"258,160,450,264","3,342,317,638","18,707,264,623","280,210,032,525",2013
Presque Isle,"2,615,700,000","7,190,921,960","9,245,560,074","19,052,182,034",2013
Roscommon,0,"157,017,427","9,485,570","166,502,997",2013
Saginaw,0,"824,685,285","185,866,680","1,010,551,965",2013
Saint Clair,"515,713,158,494","183,430,124","75,602,867","515,972,191,485",2013
Saint Joseph,0,"22,302,155,651","6,646,163,456","28,948,319,107",2013
Sanilac,"117,393,044","1,107,537,889","34,584,634","1,259,515,567",2013
Schoolcraft,"1,611,970,000","634,014,423","2,665,259,126","4,911,243,549",2013
Shiawassee,0,"1,049,497,440","82,579,300","1,132,076,740",2013
Tuscola,"4,973,952","1,670,085,987","1,735,658,262","3,410,718,201",2013
Van Buren,"42,311,912,000","11,175,322,719","1,030,109,158","54,517,343,877",2013
Washtenaw,0,"6,337,306,515","5,311,459,221","11,648,765,736",2013
Wayne,"517,783,919,184","647,065,659","114,056,952,728","632,487,937,571",2013
Wexford,0,"2,465,200,640",0,"2,465,200,640",2013
Alcona,0,"314,197,477","277,611,891","591,809,368",2012
Alger,"1,676,300,000","318,560,275",0,"1,994,860,275",2012
Allegan,0,"6,895,984,260","5,976,233,549","12,872,217,809",2012
Alpena,"41,702,488,000","21,094,409","2,728,498,300","44,452,080,709",2012
Antrim,0,"3,664,720,112","28,424,828","3,693,144,940",2012
Arenac,"15,628,493,514","56,665,648","81,941,000","15,767,100,162",2012
Baraga,"5,214,602,208",0,0,"5,214,602,208",2012
Barry,0,"1,892,873,692","891,686,621","2,784,560,313",2012
Bay,"190,739,159,613","69,582,268","1,563,561,725","192,372,303,606",2012
Benzie,0,"707,561,481","2,417,422,249","3,124,983,730",2012
Berrien,"809,017,961,000","8,034,308,501","2,253,862,522","819,306,132,023",2012
Branch,0,"10,180,349,127","5,520,070,375","15,700,419,502",2012
Calhoun,0,"10,447,664,477","2,688,184,070","13,135,848,547",2012
Cass,0,"16,671,955,152","1,727,368,482","18,399,323,634",2012
Charlevoix,"1,170,891,000","4,956,908,955","930,731,000","7,058,530,955",2012
Cheboygan,0,"415,772,830","15,701,777,838","16,117,550,668",2012
Chippewa,"1,033,007,600","449,795,776",0,"1,482,803,376",2012
Clare,0,"415,641,183","694,087,961","1,109,729,144",2012
Clinton,0,"1,596,394,459","455,756,015","2,052,150,474",2012
Crawford,0,"367,652,837","3,236,442,821","3,604,095,658",2012
Delta,"21,033,550,400","153,326,284","208,342,786","21,395,219,470",2012
Dickinson,0,"1,015,885,811","7,703,742,000","8,719,627,811",2012
Eaton,0,"1,419,300,216","616,151,364","2,035,451,580",2012
Emmet,"77,023,454","3,176,523,104","603,241,724","3,856,788,282",2012
Genesee,0,"3,332,270,063","134,831,737","3,467,101,800",2012
Gladwin,0,"193,890,501","13,284,000","207,174,501",2012
Gogebic,0,"583,954,058","82,000,000","665,954,058",2012
Grand Traverse,"2,019,000,000","1,255,687,613","37,852,300","3,312,539,913",2012
Gratiot,0,"4,873,534,964","732,459,249","5,605,994,213",2012
Hillsdale,0,"4,023,503,563","1,047,565,441","5,071,069,004",2012
Houghton,0,"1,192,065,354","16,966,000","1,209,031,354",2012
Huron,"11,529,581,120","552,348,381","693,909,918","12,775,839,419",2012
Ingham,0,"12,440,454,895","45,015,586,238","57,456,041,133",2012
Ionia,0,"2,722,090,216","552,924,372","3,275,014,588",2012
Iosco,"402,564,600","117,719,730","91,756,954","612,041,284",2012
Iron,0,"594,391,700","914,643,029","1,509,034,729",2012
Isabella,0,"2,545,524,115","1,058,926,627","3,604,450,742",2012
Jackson,0,"7,605,898,216","1,178,929,286","8,784,827,502",2012
Kalamazoo,0,"27,095,811,972","3,705,994,259","30,801,806,231",2012
Kalkaska,0,"1,917,471,306","551,666,478","2,469,137,784",2012
Kent,"28,302,490,000","5,878,700,546","973,813,064","35,155,003,610",2012
Keweenaw,"3,514,284","15,631,773",0,"19,146,057",2012
Lake,0,"127,637,610",0,"127,637,610",2012
Lapeer,0,"205,727,462","131,512,886","337,240,348",2012
Leelanau,"8,401,184","801,093,674","65,630,656","875,125,514",2012
Lenawee,0,"2,392,441,916","2,538,305,864","4,930,747,780",2012
Livingston,0,"3,388,193,956","895,886,042","4,284,079,998",2012
Luce,0,"450,197,769",0,"450,197,769",2012
Mackinac,"4,382,725,000","44,393,159","7,195,000","4,434,313,159",2012
Macomb,"1,157,299,000","679,351,132","857,876,100","2,694,526,232",2012
Manistee,0,"1,376,774,335","11,503,414,842","12,880,189,177",2012
Marquette,"75,542,110,000","1,376,170,642","11,927,509,537","88,845,790,179",2012
Mason,"686,320,000","1,059,909,964","6,633,127,928","8,379,357,892",2012
Mecosta,0,"4,794,406,269","584,513,269","5,378,919,538",2012
Menominee,"364,420,000","52,571,550","744,940,000","1,161,931,550",2012
Midland,0,"213,492,699","2,935,205,526","3,148,698,225",2012
Missaukee,0,"3,039,022,257","519,594,644","3,558,616,901",2012
Monroe,"656,838,738,748","10,024,411,387","1,952,868,567","668,816,018,702",2012
Montcalm,0,"20,594,311,235","6,476,115,767","27,070,427,002",2012
Montmorency,0,"68,795,514","79,961,800","148,757,314",2012
Muskegon,"3,346,694,000","3,145,876,666","85,866,501,780","92,359,072,446",2012
Newaygo,0,"2,690,983,855","435,191,349","3,126,175,204",2012
Oakland,0,"11,824,100,248","5,271,656,094","17,095,756,342",2012
Oceana,0,"3,001,772,670","445,291,725","3,447,064,395",2012
Ogemaw,0,"242,763,737","28,644,000","271,407,737",2012
Ontonagon,"598,340,000","31,928,100",0,"630,268,100",2012
Osceola,0,"1,527,089,583","181,807,447","1,708,897,030",2012
Oscoda,0,"81,321,553","80,300,000","161,621,553",2012
Otsego,0,"1,404,550,533",0,"1,404,550,533",2012
Ottawa,"260,467,152,621","5,318,928,455","25,823,273,606","291,609,354,682",2012
Presque Isle,"3,983,480,000","286,726,005","7,206,989,623","11,477,195,628",2012
Roscommon,0,"226,658,819","24,212,950","250,871,769",2012
Saginaw,0,"867,896,814","229,458,016","1,097,354,830",2012
Saint Clair,"503,887,187,966","170,319,036","92,702,063","504,150,209,065",2012
Saint Joseph,0,"31,230,097,909","10,391,930,232","41,622,028,141",2012
Sanilac,"116,232,192","1,610,948,724","24,299,812","1,751,480,728",2012
Schoolcraft,"1,338,724,000","640,482,659","2,497,983,000","4,477,189,659",2012
Shiawassee,0,"1,097,687,693","91,342,600","1,189,030,293",2012
Tuscola,0,"1,846,555,091","1,947,293,348","3,793,848,439",2012
Van Buren,"41,158,103,000","11,833,270,943","1,720,241,977","54,711,615,920",2012
Washtenaw,0,"5,744,243,357","5,935,308,498","11,679,551,855",2012
Wayne,"616,910,005,950","784,985,760","63,860,960,817","681,555,952,527",2012
Wexford,0,"3,063,044,465","3,162,240,000","6,225,284,465",2012
Alcona,0,"232,656,323","18,810,484","251,466,807",2011
Alger,"1,477,900,000","227,447,900",0,"1,705,347,900",2011
Allegan,0,"3,484,763,420","2,266,457,354","5,751,220,774",2011
Alpena,"41,675,228,833","20,145,661","2,013,533,312","43,708,907,806",2011
Antrim,0,"2,787,156,187","24,990,425","2,812,146,612",2011
Arenac,"14,926,461,900","28,298,535","22,078,734","14,976,839,169",2011
Baraga,"5,825,830,000",0,0,"5,825,830,000",2011
Barry,0,"1,208,577,880","265,801,940","1,474,379,820",2011
Bay,"3,081,258,100","29,578,616","192,110,721,139","195,221,557,855",2011
Benzie,0,"551,484,239","2,422,766,378","2,974,250,617",2011
Berrien,"828,813,890,000","4,590,103,124","797,068,919","834,201,062,043",2011
Branch,0,"4,339,840,665","2,659,915,976","6,999,756,641",2011
Calhoun,0,"7,073,604,804","1,137,747,403","8,211,352,207",2011
Cass,0,"7,275,827,479","659,510,520","7,935,337,999",2011
Charlevoix,"850,440,000","4,825,650,445","891,549,900","6,567,640,345",2011
Cheboygan,0,"426,129,624","1,302,906,938","1,729,036,562",2011
Chippewa,"850,290,000","428,359,800",0,"1,278,649,800",2011
Clare,0,"350,685,141","952,361,000","1,303,046,141",2011
Clinton,0,"810,403,222","602,178,293","1,412,581,515",2011
Crawford,0,"425,733,578","72,756,314","498,489,892",2011
Delta,"21,276,307,000","115,863,409","219,627,105","21,611,797,514",2011
Dickinson,0,"1,005,066,582","7,512,392,500","8,517,459,082",2011
Eaton,0,"1,148,768,788","415,498,706","1,564,267,494",2011
Emmet,"57,440,000","2,871,987,055","502,037,424","3,431,464,479",2011
Genesee,0,"1,624,192,828","145,883,711","1,770,076,539",2011
Gladwin,0,"193,872,498","296,000","194,168,498",2011
Gogebic,0,"582,444,100","26,000,000","608,444,100",2011
Grand Traverse,"1,779,880,000","998,357,977","43,554,527","2,821,792,504",2011
Gratiot,0,"1,816,612,878","903,900,582","2,720,513,460",2011
Hillsdale,0,"2,063,165,245","208,248,251","2,271,413,496",2011
Houghton,0,"1,160,832,166","16,362,000","1,177,194,166",2011
Huron,"18,821,506,072","468,763,561","246,872,150","19,537,141,783",2011
Ingham,0,"8,970,162,042","57,427,447,620","66,397,609,662",2011
Ionia,0,"1,823,788,761","151,829,821","1,975,618,582",2011
Iosco,"410,960,000","96,574,146","73,100,005","580,634,151",2011
Iron,0,"714,383,000","1,084,831,300","1,799,214,300",2011
Isabella,0,"1,554,228,043","761,763,630","2,315,991,673",2011
Jackson,0,"4,835,956,357","319,477,450","5,155,433,807",2011
Kalamazoo,0,"20,013,635,056","2,880,296,003","22,893,931,059",2011
Kalkaska,0,"909,372,042","285,408,370","1,194,780,412",2011
Kent,"24,420,971,000","4,285,640,000","918,662,730","29,625,273,730",2011
Keweenaw,"3,194,802","15,439,844",0,"18,634,646",2011
Lake,0,"109,599,190",0,"109,599,190",2011
Lapeer,0,"137,899,598","22,279,645","160,179,243",2011
Leelanau,"5,248,313","568,888,917","48,548,251","622,685,481",2011
Lenawee,0,"2,055,561,792","1,711,479,108","3,767,040,900",2011
Livingston,0,"3,104,464,106","828,937,100","3,933,401,206",2011
Luce,0,"312,312,789",0,"312,312,789",2011
Mackinac,"4,021,215,000","95,346,400","34,695,000","4,151,256,400",2011
Macomb,"1,126,347,187","493,430,505","553,614,855","2,173,392,547",2011
Manistee,0,"978,553,534","6,710,120,705","7,688,674,239",2011
Marquette,"73,962,780,000","1,341,428,431","12,509,688,115","87,813,896,546",2011
Mason,"651,685,000","464,270,659","7,365,366,626","8,481,322,285",2011
Mecosta,0,"2,625,445,897","353,975,508","2,979,421,405",2011
Menominee,"378,260,000","50,659,593","808,870,000","1,237,789,593",2011
Midland,0,"168,406,267","2,499,618,558","2,668,024,825",2011
Missaukee,0,"864,923,607","173,082,502","1,038,006,109",2011
Monroe,"665,697,851,000","9,791,517,004","588,805,530","676,078,173,534",2011
Montcalm,0,"9,342,475,748","5,963,822,502","15,306,298,249",2011
Montmorency,0,"47,891,261","52,072,600","99,963,861",2011
Muskegon,"4,693,163,000","2,636,426,069","74,822,036,568","82,151,625,637",2011
Newaygo,0,"1,524,819,295","475,263,733","2,000,083,028",2011
Oakland,0,"9,686,727,657","3,617,896,711","13,304,624,368",2011
Oceana,0,"1,685,042,650","195,361,507","1,880,404,157",2011
Ogemaw,0,"245,732,372","24,116,659","269,849,031",2011
Ontonagon,"518,220,000","33,188,000",0,"551,408,000",2011
Osceola,0,"1,332,689,136","64,629,400","1,397,318,536",2011
Oscoda,0,"33,545,802","77,200,000","110,745,802",2011
Otsego,0,"748,461,704",0,"748,461,704",2011
Ottawa,"249,568,880,000","2,082,097,687","35,623,987,489","287,274,965,176",2011
Presque Isle,"7,555,785,000","263,791,435","7,209,746,323","15,029,322,758",2011
Roscommon,0,"162,471,950","10,295,000","172,766,950",2011
Saginaw,0,"499,674,845","189,069,269","688,744,114",2011
Saint Clair,"528,257,529,197","178,480,342","42,393,313","528,478,402,852",2011
Saint Joseph,0,"13,228,692,764","4,164,273,753","17,392,966,517",2011
Sanilac,"103,051,642","1,375,845,842","128,704,718","1,607,602,202",2011
Schoolcraft,"1,811,796,000","634,817,519","2,291,590,679","4,738,204,198",2011
Shiawassee,0,"1,063,021,859","49,341,000","1,112,362,859",2011
Tuscola,0,"1,346,516,108","727,234,575","2,073,750,683",2011
Van Buren,"44,080,622,000","8,036,184,810","1,010,703,421","53,127,510,230",2011
Washtenaw,0,"3,488,246,845","5,014,656,963","8,502,903,808",2011
Wayne,"555,981,440,390","729,603,809","51,252,334,251","607,963,378,450",2011
Wexford,0,"2,695,245,403","399,727,205","3,094,972,608",2011
Alcona,0,"247,332,600","268,770,000","516,102,600",2010
Alger,"1,499,100,000","355,729,400",0,"1,854,829,400",2010
Allegan,0,"4,554,509,360","1,866,458,295","6,420,967,655",2010
Alpena,"41,595,850,000","30,923,550","1,611,668,800","43,238,442,350",2010
Antrim,0,"2,086,895,950","23,522,474","2,110,418,424",2010
Arenac,"14,988,281,300","21,321,500","56,888,200","15,066,491,000",2010
Baraga,"5,224,170,000","1,189,948",0,"5,225,359,948",2010
Barry,0,"988,704,748","220,279,494","1,208,984,242",2010
Bay,"3,109,495,300","11,937,000","218,735,266,481","221,856,698,781",2010
Benzie,0,"669,558,584","73,160","669,631,744",2010
Berrien,"729,838,605,000","4,208,636,927","1,158,670,297","735,205,912,224",2010
Branch,0,"3,399,444,713","2,048,290,318","5,447,735,031",2010
Calhoun,0,"7,376,911,134","958,095,326","8,335,006,460",2010
Cass,0,"6,242,422,933","1,055,733,782","7,298,156,715",2010
Charlevoix,"1,065,920,000","5,255,738,200","889,395,000","7,211,053,200",2010
Cheboygan,0,"425,332,100","1,267,131,800","1,692,463,900",2010
Chippewa,"861,500,000","412,760,898","26,022,000","1,300,282,898",2010
Clare,0,"467,641,923","797,464,500","1,265,106,423",2010
Clinton,0,"954,940,799","1,202,778,315","2,157,719,114",2010
Crawford,0,"403,307,900","43,080,000","446,387,900",2010
Delta,"23,685,000,000","99,621,000","123,716,000","23,908,337,000",2010
Dickinson,0,"1,027,264,744","7,411,711,000","8,438,975,744",2010
Eaton,0,"975,210,180","346,238,100","1,321,448,280",2010
Emmet,"72,400,000","1,508,052,102","1,780,000","1,582,232,102",2010
Genesee,0,"1,477,212,815","101,852,419","1,579,065,234",2010
Gladwin,0,"152,293,860","7,274,000","159,567,860",2010
Gogebic,0,"544,072,300","85,200,000","629,272,300",2010
Grand Traverse,"1,803,579,000","1,259,113,372","28,698,380","3,091,390,752",2010
Gratiot,0,"1,472,041,774","1,410,429,715","2,882,471,489",2010
Hillsdale,0,"1,986,034,153","331,904,969","2,317,939,122",2010
Houghton,0,"1,171,475,000","16,967,200","1,188,442,200",2010
Huron,"20,781,953,000","460,484,167","207,424,532","21,449,861,699",2010
Ingham,0,"12,346,292,511","65,526,864,206","77,873,156,717",2010
Ionia,0,"1,908,420,090","216,906,878","2,125,326,968",2010
Iosco,"411,538,000","92,489,228","90,060,000","594,087,228",2010
Iron,0,"407,415,800",0,"407,415,800",2010
Isabella,0,"1,686,077,794","922,824,576","2,608,902,370",2010
Jackson,0,"4,340,376,259","347,387,560","4,687,763,819",2010
Kalamazoo,0,"18,853,808,081","2,546,324,046","21,400,132,127",2010
Kalkaska,0,"525,713,507","271,438,079","797,151,586",2010
Kent,"23,328,914,000","4,326,636,097","664,598,078","28,320,148,175",2010
Keweenaw,"4,215,000","11,547,130",0,"15,762,130",2010
Lake,0,"121,098,300",0,"121,098,300",2010
Lapeer,0,"147,422,560","144,775,426","292,197,986",2010
Leelanau,"5,915,824","561,950,823","39,959,488","607,826,135",2010
Lenawee,0,"1,915,337,814","1,595,706,091","3,511,043,905",2010
Livingston,0,"2,918,394,076","681,727,000","3,600,121,076",2010
Luce,0,"344,054,093",0,"344,054,093",2010
Mackinac,"2,798,020,000","32,177,000","9,050,000","2,839,247,000",2010
Macomb,"1,242,709,000","533,422,084","798,950,879","2,575,081,963",2010
Manistee,0,"1,088,490,838","10,884,325,872","11,972,816,710",2010
Marquette,"72,984,000,000","885,941,304","8,524,100,000","20,506,041,304",2010
Mason,"710,264,000","488,601,540","6,486,243,999","7,685,109,539",2010
Mecosta,0,"2,567,371,984","239,695,454","2,807,067,438",2010
Menominee,"367,644,500","55,373,682","903,703,825","1,326,722,007",2010
Midland,0,"234,397,346","2,711,742,060","1,842,439,406",2010
Missaukee,0,"683,531,110","78,076,788","761,607,898",2010
Monroe,"658,818,412,000","9,708,775,602","562,354,974","669,089,542,576",2010
Montcalm,0,"9,249,912,468","5,327,923,578","14,577,836,046",2010
Montmorency,0,"11,793,026","53,124,000","64,917,026",2010
Muskegon,"4,916,375,000","2,561,350,464","89,125,326,260","11,157,051,724",2010
Newaygo,0,"1,712,468,346","534,648,744","2,247,117,090",2010
Oakland,0,"10,374,946,713","4,008,586,728","14,383,533,441",2010
Oceana,0,"1,152,123,520","109,842,297","1,261,965,817",2010
Ogemaw,0,"217,986,359","13,443,838","231,430,197",2010
Ontonagon,"168,330,000","32,130,800",0,"200,460,800",2010
Osceola,0,"1,046,031,210","19,940,000","1,065,971,210",2010
Oscoda,0,"95,385,588","75,500,000","170,885,588",2010
Otsego,0,"976,895,400",0,"976,895,400",2010
Ottawa,"274,161,556,000","2,094,577,033","31,013,357,639","307,269,490,671",2010
Presque Isle,"3,429,010,000","7,583,330,500","6,737,229,000","17,749,569,500",2010
Roscommon,0,"156,158,720",0,"156,158,720",2010
Saginaw,0,"479,001,070","214,439,297","693,440,367",2010
Saint Clair,"533,727,719,597","161,949,539","119,593,837","534,009,262,973",2010
Saint Joseph,0,"12,168,815,009","4,274,230,216","16,443,045,225",2010
Sanilac,"113,945,988","820,697,678","86,174,112","1,020,817,778",2010
Schoolcraft,"2,395,970,000","5,378,336,208","1,703,090,000","9,477,396,208",2010
Shiawassee,0,"901,976,680","115,199,880","1,017,176,560",2010
Tuscola,0,"1,193,941,237","714,436,598","1,908,377,835",2010
Van Buren,"51,500,444,000","6,331,667,972","1,552,502,794","59,384,614,765",2010
Washtenaw,0,"3,468,962,590","4,896,915,979","8,365,878,569",2010
Wayne,"604,705,441,100","641,049,332","56,564,102,500","525,670,592,932",2010
Wexford,0,"1,601,754,622","206,706,780","1,808,461,402",2010
Alcona,0,"267,609,617","526,131,000","793,740,617",2009
Alger,"1,600,600,000","347,556,700",0,"1,948,156,700",2009
Allegan,0,"5,961,655,750","4,911,988,651","10,873,644,401",2009
Alpena,"41,578,550,000","14,194,714","2,124,480,000","43,717,224,714",2009
Antrim,0,"4,232,997,800","21,314,000","4,254,311,800",2009
Arenac,"14,519,781,900","54,662,107","38,467,795","14,612,911,802",2009
Baraga,"304,980,000","1,191,625",0,"306,171,625",2009
Barry,0,"1,603,916,554","424,743,048","2,028,659,602",2009
Bay,"3,152,791,900","20,400,000","190,508,779,699","193,681,971,599",2009
Benzie,0,"784,451,331","146,320","784,597,651",2009
Berrien,"547,425,122,000","6,843,879,501","1,656,181,382","555,925,182,884",2009
Branch,0,"4,196,432,244","2,863,850,685","7,060,282,930",2009
Calhoun,0,"8,685,194,258","1,208,998,302","9,894,192,560",2009
Cass,0,"10,891,788,641","1,809,568,607","12,701,357,248",2009
Charlevoix,"1,093,352,000","5,130,243,500","872,906,000","7,096,501,500",2009
Cheboygan,0,"485,889,930","88,383,100,738","88,868,990,668",2009
Chippewa,"880,860,000","431,611,350","11,400,000","1,323,871,350",2009
Clare,0,"386,288,981","1,803,061,500","2,189,350,481",2009
Clinton,0,"1,448,282,033","1,331,213,442","2,779,495,475",2009
Crawford,0,"396,346,900","49,430,000","445,776,900",2009
Delta,"20,200,041,000","93,651,898","149,178,554","20,442,871,452",2009
Dickinson,0,"1,031,911,422","6,679,188,000","7,711,099,422",2009
Eaton,0,"1,145,062,519","425,869,906","1,570,932,425",2009
Emmet,"71,800,000","1,491,342,700","840,000","1,563,982,700",2009
Genesee,0,"1,778,896,043","127,244,770","1,906,140,813",2009
Gladwin,0,"159,551,728","8,000,000","167,551,728",2009
Gogebic,0,"573,152,700","54,000,000","627,152,700",2009
Grand Traverse,"1,754,290,000","868,236,419","31,097,690","2,653,624,109",2009
Gratiot,0,"2,627,771,256","1,104,214,078","3,731,985,334",2009
Hillsdale,0,"2,424,891,311","315,958,958","2,740,850,269",2009
Houghton,0,"1,270,584,275","19,898,600","1,290,482,875",2009
Huron,"19,565,739,000","968,463,942","337,669,164","20,871,872,106",2009
Ingham,0,"12,615,374,176","39,420,269,535","52,035,643,711",2009
Ionia,0,"2,010,814,552","112,639,836","2,123,454,388",2009
Iosco,"434,838,000","87,086,770","136,980,000","658,904,770",2009
Iron,0,"876,136,600","920,980,612","1,797,117,212",2009
Isabella,0,"2,203,540,818","1,045,092,476","3,248,633,294",2009
Jackson,0,"5,271,225,645","570,313,152","5,841,538,797",2009
Kalamazoo,0,"22,280,623,443","5,237,531,956","27,518,155,399",2009
Kalkaska,0,"741,525,358","58,979,141","800,504,499",2009
Kent,"22,266,722,000","4,995,707,744","870,578,398","28,133,008,142",2009
Keweenaw,"2,938,000","17,819,582",0,"20,757,582",2009
Lake,0,"118,910,804",0,"118,910,804",2009
Lapeer,0,"424,163,056","410,636,633","834,799,689",2009
Leelanau,"7,679,351","951,813,662","45,015,116","1,004,508,129",2009
Lenawee,0,"1,791,190,864","1,713,758,730","3,504,949,594",2009
Livingston,0,"2,968,116,893","629,918,000","3,598,034,893",2009
Luce,0,"483,729,640",0,"483,729,640",2009
Mackinac,"2,672,710,000","32,590,000","9,050,000","2,714,350,000",2009
Macomb,"1,178,750,000","515,564,580","618,588,404","2,312,902,984",2009
Manistee,0,"1,333,976,905","9,698,417,280","11,032,394,185",2009
Marquette,"79,492,580,000","980,080,440","8,080,303,500","88,552,963,940",2009
Mason,"700,750,000","646,303,212","202,014,436","1,549,067,648",2009
Mecosta,0,"3,733,568,886","486,662,577","4,220,231,464",2009
Menominee,"373,790,000","55,219,427","960,170,000","1,389,179,427",2009
Midland,0,"215,660,648","2,403,383,700","2,619,044,348",2009
Missaukee,0,"1,194,764,599","6,356,052","1,201,120,651",2009
Monroe,"655,220,992,000","8,565,697,106","1,032,382,528","664,819,071,634",2009
Montcalm,0,"14,922,514,161","7,540,710,602","22,463,224,763",2009
Montmorency,0,"40,310,520","51,476,000","91,786,520",2009
Muskegon,"3,532,171,000","2,779,449,626","76,972,118,098","83,283,738,724",2009
Newaygo,0,"1,798,373,616","653,805,353","2,452,178,969",2009
Oakland,0,"9,737,299,093","2,769,945,663","12,507,244,756",2009
Oceana,0,"1,864,911,639","445,364,424","2,310,276,062",2009
Ogemaw,0,"278,116,655","31,405,608","309,522,263",2009
Ontonagon,"1,634,470,000","33,432,400",0,"1,667,902,400",2009
Osceola,0,"1,011,253,287","117,164,000","1,128,417,287",2009
Oscoda,0,"98,076,330","78,700,000","176,776,330",2009
Otsego,0,"1,064,783,745",0,"1,064,783,745",2009
Ottawa,"246,657,122,000","3,856,766,994","31,368,591,020","281,882,480,014",2009
Presque Isle,"3,358,000,000","9,572,999,000","8,105,594,000","21,036,593,000",2009
Roscommon,0,"146,267,583",0,"146,267,583",2009
Saginaw,0,"834,486,937","202,895,980","1,037,382,917",2009
Saint Clair,"501,696,739,751","188,549,350","204,096,123","502,089,385,224",2009
Saint Joseph,0,"17,628,830,938","4,785,944,934","22,414,775,872",2009
Sanilac,"106,324,078","934,425,640","97,315,500","1,138,065,218",2009
Schoolcraft,"1,838,040,000","8,194,421","1,789,768,054","3,636,002,475",2009
Shiawassee,0,"1,040,844,019","48,280,000","1,089,124,019",2009
Tuscola,0,"1,648,172,957","959,793,092","2,607,966,049",2009
Van Buren,"45,609,179,000","11,757,738,030","3,023,984,168","60,390,901,199",2009
Washtenaw,0,"3,598,026,473","5,194,105,284","8,792,131,757",2009
Wayne,"568,736,133,000","688,009,224","48,546,915,463","617,971,057,687",2009
Wexford,0,"1,200,558,390","791,474,000","1,992,032,390",2009